{"cameraMode":{"drawMode":0,"name":"Shaded","section":"Shading Mode"},"sceneLighting":false,"audioPlay":false,"sceneViewState":{"m_AlwaysRefresh":false,"showFog":true,"showSkybox":false,"showFlares":true,"showImageEffects":true,"showParticleSystems":true,"showVisualEffectGraphs":true,"m_FxEnabled":true},"in2DMode":false,"pivot":{"x":-0.018187999725341798,"y":-0.012798786163330078,"z":-0.004235506057739258},"rotation":{"x":-0.29150161147117617,"y":0.009180073626339436,"z":-0.002797975204885006,"w":-0.9565239548683167},"size":3.946573495864868,"orthographic":false}