{"cameraMode":{"drawMode":0,"name":"Shaded","section":"Shading Mode"},"sceneLighting":false,"audioPlay":false,"sceneViewState":{"m_AlwaysRefresh":false,"showFog":true,"showSkybox":false,"showFlares":true,"showImageEffects":true,"showParticleSystems":true,"showVisualEffectGraphs":true,"m_FxEnabled":true},"in2DMode":false,"pivot":{"x":5.19589376449585,"y":1.218766450881958,"z":0.0018253326416015626},"rotation":{"x":-0.25970691442489626,"y":0.02519814297556877,"z":-0.006779487244784832,"w":-0.9653371572494507},"size":2.724745035171509,"orthographic":false}