{"cameraMode":{"drawMode":0,"name":"Shaded","section":"Shading Mode"},"sceneLighting":false,"audioPlay":false,"sceneViewState":{"m_AlwaysRefresh":false,"showFog":true,"showSkybox":false,"showFlares":true,"showImageEffects":true,"showParticleSystems":true,"showVisualEffectGraphs":true,"m_FxEnabled":true},"in2DMode":false,"pivot":{"x":-0.2312486171722412,"y":-3.236456871032715,"z":10.209421157836914},"rotation":{"x":-0.29813283681869509,"y":0.057795826345682147,"z":-0.018088335171341897,"w":-0.9526047110557556},"size":11.989238739013672,"orthographic":false}