{"cameraMode":{"drawMode":0,"name":"Shaded","section":"Shading Mode"},"sceneLighting":false,"audioPlay":false,"sceneViewState":{"m_AlwaysRefresh":false,"showFog":true,"showSkybox":false,"showFlares":true,"showImageEffects":true,"showParticleSystems":true,"showVisualEffectGraphs":true,"m_FxEnabled":true},"in2DMode":false,"pivot":{"x":550.5148315429688,"y":261.6401672363281,"z":-0.2414250373840332},"rotation":{"x":-0.29150161147117617,"y":0.009180073626339436,"z":-0.002797975204885006,"w":-0.9565239548683167},"size":0.7489892840385437,"orthographic":false}